id,place_name,,reviews_count,rating,city_tag
1,Taman Mini Indonesia Indah,,164271,4.6,jakarta
8,Monumen Nasional,,114792,4.6,jakarta
367,Tanah Lot,,94946,4.6,bali
479,Malioboro Yogyakarta,,88811,4.8,yogyakarta
320,Taman Budaya Garuda Wisnu Kencana,,63418,4.5,bali
310,Mandala Suci Wenara Wana,,49661,4.5,bali
311,Tegallalang Rice Terrace,,46206,4.4,bali
13,Taman Impian Jaya Ancol,,44219,4.5,jakarta
25,Sea World Indonesia,,43983,4.5,jakarta
309,Pura Ulun Danu Beratan Bedugul,,43465,4.6,bali
488,Kampung Wisata Taman Sari,,41851,4.6,yogyakarta
322,Tegenungan Waterfall,,33125,4.3,bali
19,Taman Fatahillah,,27140,4.6,jakarta
29,Taman Lapangan Banteng,,26724,4.7,jakarta
551,Lippo Plaza Jogja,,25775,4.4,yogyakarta
11,Tebet Eco Park,,24677,4.7,jakarta
340,Pura Tirta Empul,,24153,4.6,bali
36,Museum Sejarah Jakarta,,22550,4.6,jakarta
18,Kawasan Wisata Kota Tua Jakarta,,22257,4.6,jakarta
534,The Lost World Castle,,21794,4.3,yogyakarta
6,Taman Suropati,,21392,4.6,jakarta
81,Masjid Raya Syekh Ahmad Khatib Al Minangkabawi Sumatera Barat,,21195,4.8,padang
9,Taman Menteng,,20505,4.5,jakarta
258,Mega Mall Batam Centre,,20183,4.5,batam
347,Bali Zoo,,19910,4.4,bali
462,Tirta Gangga,,19622,4.6,bali
498,Masjid Jogokariyan,,19066,4.8,yogyakarta
482,Museum Benteng Vredeburg,,18623,4.6,yogyakarta
535,The World Landmarks - Merapi Park Yogyakarta,,18385,4.3,yogyakarta
489,Puncak Pinus Becici,,16988,4.5,yogyakarta
539,Bunker Kaliadem Merapi,,16623,4.6,yogyakarta
500,Pasar Legi Kotagede,,16384,4.6,yogyakarta
517,Masjid Kampus UGM,,16124,4.8,yogyakarta
39,Taman Wisata Alam Mangrove Angke Kapuk,,15942,4.3,jakarta
413,Pura Agung Besakih,,15373,4.5,bali
358,Waterbom Bali,,15009,4.7,bali
491,Keraton Ratu Boko,,14894,4.7,yogyakarta
468,Monumen Bajra Sandhi,,14838,4.6,bali
294,Kelingking Beach,,14711,4.7,bali
7,Masjid Istiqlal,,14200,4.8,jakarta
559,Bukit Paralayang Watugupit,,14134,4.7,yogyakarta
331,Bali Swing,,13938,4.6,bali
520,Gedhe Keraton Yogyakarta Mosque,,13909,4.8,yogyakarta
328,Ubud Palace,,13780,4.3,bali
306,Campuhan Ridge Walk,,13338,4.3,bali
35,"Katedral Jakarta, Santa Maria Diangkat ke Surga",,12789,4.8,jakarta
67,JW Marriott Hotel Medan,,12652,4.6,medan
329,Bali Bird Park,,12296,4.6,bali
32,Pantjoran Pantai Indah Kapuk,,12265,4.7,jakarta
315,Jatiluwih,,11701,4.7,bali
531,Yogyakarta Marriott Hotel,,11424,4.7,yogyakarta
26,Jakarta AQuarium Safari,,10666,4.7,jakarta
47,Taman Ayodia - Barito,,10648,4.5,jakarta
30,Museum Bank Indonesia,,10637,4.7,jakarta
45,KidZania Jakarta,,10519,4.6,jakarta
20,Atlantis Water Adventures Ancol,,10429,4.5,jakarta
544,Ullen Sentalu Museum,,10307,4.7,yogyakarta
284,Hypermart Batam Nagoya,,9755,4.5,batam
37,Ocean Dream Samudra - Ancol,,9672,4.6,jakarta
527,Pasar Ngasem,,9505,4.6,yogyakarta
108,Sade Village,,9422,4.5,lombok
326,Waterblow,,9330,4.4,bali
400,Pura Penataran Agung Lempuyang,,9290,4.1,bali
33,Taman Waduk Pluit,,9239,4.4,jakarta
475,Pantai Parangtritis,,9021,4.6,yogyakarta
395,Taman Ujung,,9018,4.6,bali
41,Monumen Selamat Datang,,8587,4.7,jakarta
541,Bukit Klangon,,8390,4.6,yogyakarta
556,Merapi Volcano Museum,,8343,4.4,yogyakarta
523,Jogja National Museum,,7889,4.7,yogyakarta
69,Grand Mercure Maha Cipta Medan Angkasa,,7866,4.5,medan
366,Tugu Peringatan Bom Bali,,7851,4.6,bali
518,Wisata Alam Kalibiru,,7472,4.4,yogyakarta
134,Bukit Merese,,7271,4.7,lombok
319,Sangeh Monkey Forest,,7133,4.6,bali
496,De Mata Museum Jogja,,7044,4.4,yogyakarta
373,Pasar Senggol Gianyar,,7008,4.4,bali
232,Welcome To Batam Monument,,6825,4.5,batam
24,Allianz Eco Park,,6677,4.6,jakarta
550,Hotel Santika Premiere Jogja,,6629,4.6,yogyakarta
375,DIAMOND BEACH NUSA PENIDA,,6495,4.7,bali
38,Taman Situ Lembang,,6456,4.6,jakarta
66,Radisson Medan,,6389,4.7,medan
530,The Phoenix Hotel Yogyakarta - MGallery,,6332,4.7,yogyakarta
249,Masjid Jabal Arafah,,6133,4.8,batam
356,Big Garden Corner,,6082,4.3,bali
295,Devils Tear,,5953,4.6,bali
233,Batam Centre Park,,5700,4.5,batam
97,Mercure Padang,,5699,4.5,padang
301,Broken Beach,,5617,4.6,bali
71,Taman Hutan Kota Cadika,,5517,4.4,medan
72,Swiss-Belinn,,5494,4.3,medan
50,Taman Impian Jaya Ancol,,5468,4.6,jakarta
46,Taman Langsat,,5238,4.5,jakarta
476,Kawasan Wisata Malioboro,,5208,4.7,yogyakarta
452,Bedugul Traditional Market,,5164,4.2,bali
398,Secret Garden Village,,5147,4.6,bali
149,Transmart Mataram,,5135,4.3,lombok
68,Aryaduta Medan,,5050,4.5,medan
485,Hutan Pinus Asri,,5044,4.5,yogyakarta
64,Swiss-Belinn Gajah Mada Medan,,5040,4.6,medan
450,Park 23 XXI,,5025,4.4,bali
570,Embung Potorono,,4863,4.5,yogyakarta
302,Crystal Bay Beach,,4583,4.4,bali
351,Kanto Lampo Waterfall,,4532,4.3,bali
62,Graha Maria Annai Velangkanni,,4515,4.8,medan
34,Kawasan Ekowisata Mangrove PIK,,4491,4.3,jakarta
471,Blue Lagoon Beach,,4478,4.2,bali
299,Angels Billabong,,4406,4.5,bali
57,Taman Ahmad Yani Medan,,4399,4.4,medan
17,Taman Tangkuban Perahu,,4376,4.5,jakarta
327,Banyumala Waterfall,,4286,4.8,bali
312,Bali Handara Gate,,4199,3.9,bali
273,Swiss-Belhotel Harbour Bay,,4080,4.5,batam
419,Patung Satria Gatot Kaca,,4062,4.6,bali
537,Wisata jeep merapi_01,,4045,4.4,yogyakarta
260,HARRIS Hotel Batam Centre,,4028,4.5,batam
334,Upside Down World Bali,,3902,4.2,bali
28,Taman Hutan Kota Penjaringan,,3830,4.5,jakarta
290,Radisson Golf & Convention Center Batam,,3804,4.6,batam
445,St. Francis Xavier Catholic Church,,3794,4.8,bali
40,Faunaland Ancol,,3724,4.5,jakarta
286,Nagoya Citywalk,,3714,4.2,batam
394,Tukad cepung waterfall,,3687,4.6,bali
574,Pantai Ngrawe (MESRA),,3578,4.5,yogyakarta
481,Bukit Panguk Kediwung,,3571,4.5,yogyakarta
61,Taman Gajah Mada,,3487,4.3,medan
31,Toko Merah,,3352,4.6,jakarta
44,Taman Mataram Jakarta,,3335,4.6,jakarta
77,Museum Adityawarman,,3335,4.4,padang
532,Novotel Suites Yogyakarta Malioboro,,3318,4.7,yogyakarta
505,Pantai Timang,,3311,4.5,yogyakarta
52,Tjong A Fie Mansion,,3145,4.6,medan
465,Taman Nasional Bali Barat,,3065,4.4,bali
449,Cin√©polis Lippo Mall Kuta,,3015,4.5,bali
545,Museum Mini Sisa Hartaku,,2977,4.6,yogyakarta
63,Ibis Styles Medan Pattimura,,2955,4.4,medan
23,Museum Tekstil Jakarta,,2940,4.5,jakarta
359,The SILAS Agrotourism,,2932,4.4,bali
51,Rahmat International Wildlife Museum dan Gallery,,2795,4.6,medan
54,Museum Negeri Sumatera Utara,,2713,4.5,medan
83,Batu Malin Kundang,,2583,4.1,padang
568,DolanDeso Boro,,2557,4.4,yogyakarta
433,Pantai Wates Karangasem,,2553,4.4,bali
95,Jembatan Siti Nurbaya,,2479,4.5,padang
281,ibis Styles Batam Nagoya,,2447,4.4,batam
285,Cinema XXI Nagoya Hill,,2441,4.5,batam
180,Pink Beach Lombok,,2419,4.3,lombok
212,Pantai Ampenan,,2416,4.2,lombok
446,Aryaduta Bali,,2341,4.5,bali
59,Penangkaran Buaya Asam Kumbang,,2318,4.2,medan
269,Sushi Tei,,2312,4.5,batam
246,Waterpark Top 100 Batu Aji,,2280,4.3,batam
317,Raja Lima Rumah Pohon Molenteng Nusa Penida,,2248,4.6,bali
102,Taman Mayura,,2236,4.4,lombok
118,Lombok Wildlife Park,,2199,4.5,lombok
519,Affandi Museum,,2195,4.6,yogyakarta
447,Lippo Mall Kuta,,2076,4.3,bali
252,Taman Rusa Sekupang (Jogging Track),,1995,4.5,batam
499,Taman Bunga Amarilis Gunungkidul,,1980,4.3,yogyakarta
352,Balangan Beach,,1963,4.6,bali
337,The Blanco Renaissance Museum,,1891,4.3,bali
386,Museum Puri Lukisan,,1863,4.3,bali
463,Bukit Asah Desa Bugbug,,1814,4.6,bali
424,"Taman Bali, Padang Galak",,1808,4.4,bali
172,Pantai Tanjung Aan,,1805,4.6,lombok
336,Pura Goa Giri Putri,,1778,4.5,bali
110,Museum Negeri Nusa Tenggara Barat,,1746,4.6,lombok
12,Galeri Indonesia Kaya,,1725,4.8,jakarta
116,Taman Nasional Gunung Rinjani,,1715,4.7,lombok
16,Urban Farm PIK,,1711,4.7,jakarta
106,Air Terjun Sendang Gile,,1656,4.6,lombok
297,Tembeling Beach and Forest,,1637,4.5,bali
75,UNIQLO SUN PLAZA,,1618,4.7,medan
364,Karang Boma Cliff,,1602,4.6,bali
278,Amaris Hotel Nagoya Hill Batam,,1585,4.1,batam
558,Pantai Parangkusumo,,1584,4.6,yogyakarta
466,Pura Agung Pulaki,,1578,4.7,bali
474,Pura Melanting,,1566,4.8,bali
384,Bali Butterfly Park Tabanan,,1563,4.4,bali
88,Taplau Padang,,1558,4.5,padang
282,Inul Vizta Nagoya Hill | Family Karaoke Batam,,1541,4.3,batam
516,Rumah Hantu Malioboro,,1524,4.5,yogyakarta
113,Bukit Selong,,1522,4.6,lombok
563,Kalisuci Cave Tubing,,1463,4.5,yogyakarta
387,Tulamben US Liberty Wreck Ship,,1410,4.7,bali
235,Miniature House Indonesia,,1391,4.3,batam
103,Narmada Botanic Garden,,1368,4.2,lombok
298,Gamat Bay,,1334,4.6,bali
283,Matahari Department Store,,1325,4.4,batam
303,Taman Pecangakan - Negara,,1316,4.5,bali
136,Taman Nasional Gunung Rinjani,,1304,4.7,lombok
53,TAMAN WISATA DANAU SIOMBAK MARELAN,,1291,4,medan
104,Benang Stokel and Benang Kelambu Waterfall,,1286,4.3,lombok
538,Desa Wisata Pentingsari,,1280,4.5,yogyakarta
504,Goa Jomblang,,1246,4.6,yogyakarta
267,ARTOTEL Batam,,1237,4.8,batam
257,Kebun Raya Batam,,1235,3.9,batam
403,Gembleng Waterfall,,1233,4.7,bali
428,Air Panas Angseri,,1225,4.3,bali
274,Batam Marriott Hotel Harbour Bay,,1224,4.8,batam
335,Museum Seni Agung Rai,,1212,4.5,bali
483,SELOPAMIORO ADVENTURE PARK,,1194,4.6,yogyakarta
542,Omah Petroek,,1193,4.7,yogyakarta
22,Alive Museum Ancol,,1179,4.3,jakarta
344,"Lembongan Trip, Manta Ray Snorkeling, Penida day tour",,1163,4.9,bali
314,Manta Point Nusa Penida,,1127,4.5,bali
14,Kampoeng Gallery,,1125,4.6,jakarta
140,Malimbu Hill,,1122,4.6,lombok
263,Lotte Grosir Batam,,1121,4.2,batam
484,Pojok Benteng Wetan Kidul,,1118,4.6,yogyakarta
571,Lava Bantal,,1116,4.4,yogyakarta
353,Banyu Wana Amertha Waterfall,,1113,4.8,bali
342,Pantai Keramas,,1111,4.5,bali
254,Kebun Raya Batam,,1101,4.2,batam
99,Panorama 2 Sitinjau Lauik,,1090,4.6,padang
237,Tebing Langit Bukit Dangas Sekupang,,1061,4.1,batam
296,Teletubbies Hill,,1053,4.1,bali
401,Rumah Topeng dan Wayang Setia Darma,,1022,4.8,bali
101,Narmada Park,,993,4.4,lombok
195,Pantai Mawun,,986,4.2,lombok
49,Starbucks Setiabudi One,,973,4.5,jakarta
435,Vihara Dharma Giri,,970,4.7,bali
55,Kuil Shri Mariamman,,958,4.6,medan
391,Japanese Ship Wreck Point,,945,4.3,bali
261,Starbucks Mega Mall,,944,4.5,batam
21,The Playground,,936,4.5,jakarta
125,Otak kokok Joben Evergreen,,927,4.1,lombok
467,Bali Chocolate Factory,,914,3.8,bali
330,Mangrove Point,,912,4.3,bali
478,Watu Mabur Mangunan,,906,4.5,yogyakarta
536,The Lost World Park,,899,4.6,yogyakarta
185,Mandalika Beach,,898,4.5,lombok
448,Fairfield by Marriott Bali South Kuta,,884,4.3,bali
332,"Kemenuh Butterfly Park, Bali",,875,4.4,bali
561,Air Terjun Luweng Sampang,,867,4,yogyakarta
5,Wisata pantai. Pulau pari,,862,4.6,jakarta
248,Pantai Cipta Land,,853,4.2,batam
324,Kajeng Rice Field,,841,4.6,bali
522,Sonobudoyo Museum New Building,,816,4.9,yogyakarta
487,Kawasan Ekowisata Gunung Api Purba Nglanggeran,,806,4.6,yogyakarta
573,Goa Cerme,,802,4.5,yogyakarta
572,Baron Techno Park BRIN,,801,4.4,yogyakarta
349,Ricefields Tegallalang,,800,4.4,bali
423,Goa Rang Reng Waterfall,,796,4.7,bali
289,Padang Golf Sukajadi,,792,4.6,batam
272,Ace Hardware Sei Panas,,777,4.3,batam
495,Museum Pleret,,775,4.5,yogyakarta
253,Sekupang Ponds Park,,766,4.4,batam
243,Hutan Wisata Mata Kucing dan Bonbin Mini,,764,3.9,batam
238,Belalang Adventure,,760,4.5,batam
255,Ex Camp Vietnam,,747,4.4,batam
388,Ubud Water Palace,,733,3.8,bali
259,Starbucks Batam Centre,,730,4.6,batam
3,Pantai Pasir Perawan,,717,4.8,jakarta
218,Big Tree Sambelia,,717,4.4,lombok
345,Puncak Indah Bedugul,,712,4.6,bali
409,Hidden Garden Agriculture,,682,4.3,bali
127,Taman Wisata Pusuk Sembalun (Tourist Park),,673,4.7,lombok
42,Suaka Margasatwa Muara Angke,,663,4.3,jakarta
543,Kalikuning Park,,663,4.4,yogyakarta
121,Bukit Pergasingan,,661,4.8,lombok
480,Nikmat Wisata,,661,4.5,yogyakarta
362,Pura Beji Sangsit (Cagar Budaya & Pura Umum),,651,4.6,bali
501,History Of Java Museum,,645,4.5,yogyakarta
124,Nipah Beach,,643,4.6,lombok
473,Museum Le Mayeur,,628,4.1,bali
436,Air Terjun Yeh Hoo,,621,4.6,bali
402,Tamblingan Lake,,605,4.5,bali
348,Museum Pasifika Bali,,588,4.5,bali
514,Alfamidi Supermarket,,583,4.2,yogyakarta
70,Sushi Tei Centre Point,,579,4.5,medan
422,Hotel Pondok Indah Bedugul,,576,4.4,bali
90,Kelenteng See Hien Kiong,,560,4.6,padang
268,Starbucks Grand Batam,,557,4.6,batam
370,Pandora Experience Escape Room Bali,,556,4.7,bali
2,Taman Nasional Kepulauan Seribu,,555,4.6,jakarta
73,LovingHut Wajir,,544,4.6,medan
408,Honeymoon Beach,,542,4.4,bali
502,Kraton Jogja,,530,4.8,yogyakarta
74,Vihara Gunung Timur,,523,4.7,medan
321,Sampalan Beach,,520,4.5,bali
234,THE ILLUSION,,517,4.4,batam
48,Masjid Agung Al-Munada Darussalam Baiturrahman (Masjid Perahu),,511,4.7,jakarta
85,Taman Siti Nurbaya,,506,4.6,padang
371,Tebing Pantai Balangan,,505,4.8,bali
287,Four Points by Sheraton Batam,,500,4.5,batam
389,Lonce amed snorkeling tour,,489,4.5,bali
459,"St Yoseph Karmel, Bedugul - Bali",,487,4.7,bali
405,Virgin Beach,,483,4.7,bali
566,Wediombo Beach,,474,4.7,yogyakarta
105,Bat Cave of Goa Bangkang Prabu_Kuta,,468,4.3,lombok
333,Air Terjun Melanting,,464,4.7,bali
564,Laut Bekah,,457,4.4,yogyakarta
92,Yangi beach Cafe,,455,4.3,padang
313,Wisata Gelar River,,452,4.5,bali
379,Seganing Waterfall,,451,4,bali
240,Dataran Engku Putri,,448,4.6,batam
515,Chicken Shack,,445,4.8,yogyakarta
4,Wisata pulau,,441,4.6,jakarta
276,"Seaforest Adventure, Nuvasa Bay, Batam",,438,4.2,batam
365,5GX Bali,,431,4.7,bali
533,Starbucks Seturan,,418,4.6,yogyakarta
119,Tiu Kelep Waterfall,,414,4.7,lombok
432,Agro Puncak Bedugul,,402,4.3,bali
305,Banah Cliff Point,,381,4.5,bali
318,Lovina Dolphin Watching,,381,4.7,bali
521,Gedung Agung Yogyakarta,,372,4.6,yogyakarta
245,PANBIL NATURE RESERVE ECO EDU PARK,,367,4.3,batam
112,Pura Lingsar,,363,4.3,lombok
225,Pantai Mawi,,357,4.4,lombok
236,Panbil Nature Reserve,,344,4.5,batam
244,Batam Wake Park,,342,4.4,batam
56,Pubbarama Buddhist Centre (PBC),,334,4.7,medan
109,Pelawangan Sembalun,,333,4.8,lombok
460,"Buahan, a Banyan Tree Escape",,329,4.9,bali
565,Gua Langse,,328,4.5,yogyakarta
385,Desa Kokokan,,325,4.3,bali
115,Pura Narmada,,324,4.4,lombok
60,Oleh Oleh Medan MARKISA NOERLEN Home Made since 1985,,322,4.4,medan
477,Desa Wisata Lopati,,321,4.2,yogyakarta
122,Mawi Beach,,316,4.2,lombok
503,Omah UGM Kotagede Yogyakarta,,312,4.7,yogyakarta
497,Museum Sri Sultan Hamengkubuwono IX,,309,4.7,yogyakarta
350,Pura Puncak Mundi,,306,4.7,bali
414,Bukit CINTA PANGI,,305,4.4,bali
343,U Fun Field,,300,4.6,bali
420,Bugbug Village,,300,4.7,bali
562,Watu Giring,,284,4.2,yogyakarta
494,Sendang Seliran,,281,4.5,yogyakarta
323,Bali Sea Turtle Society,,278,4.4,bali
442,Turtle Hatchery Project,,278,4.6,bali
170,Pantai Meninting,,275,4.2,lombok
146,Kampung Tradisional Ende,,270,4.6,lombok
224,Mawun beach,,266,4.5,lombok
117,Sembalun Village,,264,4.7,lombok
78,Taman Nirwana,,257,4.3,padang
80,Taplau Pantai Padang,,257,4.4,padang
486,Between Two Gates,,257,4.7,yogyakarta
374,THE MANTA POINT,,255,4.7,bali
123,Pura Gunung Sari,,246,4.6,lombok
430,Bukit Putung,,235,4.4,bali
111,Pergasingan Hill,,231,4.9,lombok
167,Pantai Tanjung Bloam,,228,4.4,lombok
434,Bali Countryside Sidemen,,228,4.4,bali
131,Air Terjun Jeruk Manis,,223,4,lombok
144,Taman Wisata Alam Gunung Tunak,,222,4.3,lombok
89,Lubuk Paraku,,220,4.3,padang
304,Munduk Wilderness Outdoor Activities,,220,4.6,bali
382,Air Terjun Munduk,,218,4.5,bali
540,Desa Wisata Gabugan,,218,4.5,yogyakarta
492,Monumen Batik Yogyakarta,,216,4.5,yogyakarta
197,Tampah Beach,,215,4.6,lombok
392,Amed snorkeling center,,213,5,bali
411,Jembatan Kuning Tukad Yeh Unda,,213,4.3,bali
126,Orong Bukal,,212,4.6,lombok
443,Biorock Pemuteran,,212,4.6,bali
427,Jimbaran Beach,,210,4.4,bali
546,ZAP Pakuwon Mall Jogja,,208,4.9,yogyakarta
472,Gili Putih Sumberkima,,207,4.6,bali
202,Pantai Kuta Mandalika,,203,4.5,lombok
270,Ixobox Grand Batam Mall,,203,4.8,batam
150,Air Terjun Tiu Pituq,,200,4.1,lombok
107,Tetebatu Monkey Forest,,199,4.3,lombok
338,Manta Bay,,198,3.2,bali
506,Water Castle of Royal Jogjakarta,,198,4.1,yogyakarta
133,Pantai Torok,,195,4.4,lombok
307,Puncak Mawar Jembrana Bali,,194,4.1,bali
547,Yucca Pool Bar & Lounge Hotel FortunaGrande Malioboro,,194,4.7,yogyakarta
291,Puncak Beliung,,193,4.5,batam
339,Kawasan Pariwisata Nusa Dua,,193,4.6,bali
58,Kampoeng Selfie (Kongsi),,191,4.3,medan
213,Telawas Beach,,190,4.5,lombok
300,Saren Cliff Point,,186,4.6,bali
114,Mangku Sakti Waterfall Sajang,,185,4.4,lombok
138,Areguling Beach Lombok,,185,4,lombok
211,Bidara Cottages,,184,4.4,lombok
360,Bali Camel Adventure,,182,4.6,bali
231,Klui Beach - Private Property of Budianto Family,,179,4.4,lombok
205,Pantai Penyisok,,177,4.5,lombok
341,Rice Fields Walk,,174,4.8,bali
357,Bali Twin Lake Trekking Point,,170,4.4,bali
412,Campuhan Antapan Waterfall,,170,4.5,bali
431,Puri Langon Ubud,,170,4.9,bali
87,Jambak Sea Turtle Camp,,165,4.6,padang
129,Tetebatu Waterfall,,164,4.2,lombok
91,Bendungan Niagara Koto Pulai,,161,4.2,padang
82,Bukit Nobi Hill,,160,4.4,padang
163,Pura Penataran Agung Rinjani,,160,4.7,lombok
380,Rice Terrace Munduk,,158,4.6,bali
461,Candidasa Lotus Lagoon,,158,4.2,bali
439,Menjangan Snorkeling & Ijen Pemuteran Activities,,155,5,bali
262,Imperial Kitchen & Dimsum Fanindo Sanctuary Batam,,151,4.4,batam
142,Pusuk Forest Viewpoint,,150,4.5,lombok
152,Rinjani Trekking Official,,150,4.9,lombok
354,Bali Quad Discovery Tours,,150,4.6,bali
265,Kepri Coral Resort,,148,4.5,batam
425,Pantai Mesari,,148,4.7,bali
120,Tiu Pupus,,144,4.1,lombok
552,Agro Mina Wisata Karangasri,,140,4.5,yogyakarta
191,Pantai Pasir Putih TNI AL,,139,4.3,lombok
94,Air Terjun Sarasah,,135,4.3,padang
469,Pura Gumang,,135,4.8,bali
209,Taman Wisata Pantai Pidana,,134,4.1,lombok
280,Delta Spa,,132,4.3,batam
206,Pantai Kondo,,125,4.6,lombok
363,Pura Teratai Bang,,125,4.7,bali
132,Pantai Nambung,,123,4.5,lombok
147,Goa Kotak Lombok,,122,4.3,lombok
153,Rinjani Mountain Garden,,122,4.6,lombok
160,Rinjani Trekking Center,,122,4.5,lombok
208,Pantai Lancing,,118,4.5,lombok
441,Birding Tours in Bali ( Made Surya ),,117,5,bali
79,Taman Muaro Lasak,,113,4.3,padang
557,Parangtritis Geomaritime Science Park,,113,4.5,yogyakarta
159,Rinjani Dawn Adventures - Trekking Tours,,112,4.9,lombok
242,Batam Forest Top,,111,4.3,batam
293,Air Terjun Tiban,,111,4.3,batam
455,Munduk Taxi Driver by ciko,,111,5,bali
464,Bukit Guungan,,108,4.4,bali
76,EF Kesturi Medan,,107,4.8,medan
416,Air Terjun Blemantung,,107,4.5,bali
440,Kampoeng Palarejo Selfie Spot Jembrana,,107,4.3,bali
162,Sunrise Land Lombok,,106,4.4,lombok
221,East Lombok Dive Hotel,,102,4.2,lombok
316,Bali Bird Walks,,102,4.6,bali
510,Stasiun Dongkelan,,101,4.4,yogyakarta
201,Pantai Kaliantan,,98,4.5,lombok
182,pantai kuang wai,,97,4,lombok
204,Pantai Gili lampu,,97,4.2,lombok
361,Buyan Lake,,96,4.6,bali
151,Air terjun Kerta Gangga,,94,4.6,lombok
372,Monumen Taman Mumbul,,92,4,bali
174,Pantai Surga,,91,4.3,lombok
417,Bendungan Yeh Unda Hulu,,87,4.4,bali
444,Snorkeling Menjangan,,87,4.8,bali
256,Ocarina Batam,,86,4.4,batam
251,Lembah Pelangi Batam,,84,4.2,batam
43,Imagispace,,83,4.4,jakarta
135,Pantai Kores,,83,4.4,lombok
239,Bukit Clara (Clara Hill),,82,4.4,batam
426,Bali Family Hangout,,81,4.4,bali
451,munduk clove,,80,4.9,bali
143,Turtle Conservation Community Nipah Beach,,79,4.7,lombok
569,MOANA Nanggulan - Cycling Tour,,79,4.7,yogyakarta
292,Agro Piknik Marina,,78,4.1,batam
421,Rio Bali Tour,,73,4.9,bali
222,Pantai Bintaro,,72,4,lombok
355,Plaza Wisnu,,72,4.5,bali
383,Penestanan stairs,,72,4.7,bali
15,Taman Sumenep,,70,4.6,jakarta
288,Fun World,,70,3.9,batam
404,Kelan Beach,,67,4.7,bali
454,GREEN BIKES BALI JATILUWIH (e-bike tours),,65,4.4,bali
199,Bayview Beach Resort East Lombok,,64,4.6,lombok
453,Santhipala Spring Waterfall,,64,4.2,bali
410,Taxi Amed Authentic Bali & Scooter rental,,63,4.8,bali
567,Pantai Sinden,,62,4.3,yogyakarta
156,Mangku Sakti Water Fall dan Mangku Kodek Water Fall,,61,4.2,lombok
175,AIK SERAN BEACH,,58,4.1,lombok
86,Wisata Air terjun Lubuk Hitam Lestari,,56,4.6,padang
65,Asam Kumbang Crocodile Farm,,53,4.6,medan
229,Malibu Beach 2,,52,4.6,lombok
157,AIR TERJUN MANGKU SAKTI,,50,4.7,lombok
226,Pantai Tomang-Omang,,50,4.3,lombok
548,Jogja Traveling,,50,4.9,yogyakarta
194,Pantai Dadap Sambelia,,49,4.3,lombok
190,Desa Tangguh Wisata Kadin Indonesia,,47,4.4,lombok
148,Taman Wisata Alam Kerandangan,,46,4.2,lombok
220,Pantai Pandewa,,46,4.4,lombok
438,Kampung Coklat jembrana,,46,4.5,bali
128,Puncak Pusuk Sembalun,,41,4.7,lombok
10,Dancing Fountain Show Grand Indonesia,,40,4.1,jakarta
177,"Pantai Sokat,awang",,40,4.3,lombok
187,Senggigi Beach,,40,4.5,lombok
227,Panggang Beach,,40,4.4,lombok
27,Ancol Learning Farm (Bertani),,39,4.6,jakarta
188,PANTAI KETAPANG INDAH,,39,3.9,lombok
198,PANTAI KUANG WAI,,39,4.3,lombok
399,Bunutan (Om-Bhum) Beach,,34,4.6,bali
228,Pantai TRANSAT,,32,4.6,lombok
457,Mahavira Buddhist Temple,,30,4.3,bali
130,Durian Indah waterfall,,29,3.7,lombok
192,Pantai Pedauf,,26,4.2,lombok
325,Friends of the National Parks Foundation,,26,4.9,bali
230,Pantai Lendang Luar,,25,4.4,lombok
158,Pantai Torok Bare,,23,4,lombok
368,"Baruna Statue, God of Sea",,23,4.2,bali
526,Jogja Cycling Tour,,23,5,yogyakarta
217,Tebuak Beach,,21,4.3,lombok
429,Segara Beach,,21,4.6,bali
171,Gili Kapal,,20,3.9,lombok
183,Pantai Tebing (Cliff Beach),,20,3.3,lombok
216,Pelican Beach Lombok,,20,4.3,lombok
203,Ekas Beach Residence,,19,4.4,lombok
207,Kondo villa hotel & Restaurant,,19,4.4,lombok
189,Pantai Pasir Hitam Belanting,,17,4.6,lombok
219,Cris beach,,17,4.9,lombok
141,senggigi waterfall,,15,3.4,lombok
210,"Batu Bereng Beach, Tampah",,15,4.5,lombok
390,Green Tunnel - Ubud Main Street,,15,4.3,bali
164,Pantai Bumbang,,14,4,lombok
415,Cheapest Activities Bali,,14,5,bali
165,SURGO ADAM CAMPING GROUND,,12,5,lombok
490,KEBON BINATANG,,12,4.5,yogyakarta
181,DONDON BEACH,,11,4.6,lombok
377,Kimanis Sunset Point,,11,4.4,bali
154,MAHAJANI AGRO,,10,5,lombok
179,Sunset Springs Beach Retreat,,10,4.5,lombok
193,pantai ujung batu awang,,10,4.1,lombok
266,Dedap Beach,,10,4.5,batam
407,Sideman Ricefield Viewpoint,,10,4.8,bali
176,Gondang Beach,,9,3.9,lombok
247,Batam Island,,9,4.2,batam
93,Kampung Adat Rimbo Tarok,,8,5,padang
186,Teluk Temeak,,8,4.8,lombok
381,Village Munduk,,8,3.8,bali
145,Gili Batu Ayok,,6,4.8,lombok
173,Turtle Beach,,6,5,lombok
178,Pantai Terete,,6,4.3,lombok
184,surf breack point 1,,6,4.2,lombok
369,Gapura Nusa Dua,,6,3.8,bali
418,Bali Best Activities,,6,4.2,bali
470,Sumberkima Beach,,6,4.3,bali
84,Mentawai Experience Travel,,5,5,padang
250,Dangas Beach,,5,3.4,batam
271,Colorbox Grand Batam,,5,3,batam
393,Aquamarine Beach,,5,5,bali
406,Rice fields waterfall,,5,5,bali
161,Tiu Ngumbak,,4,4,lombok
196,Jenggala Beach,,4,5,lombok
214,Selong Belanak HILLS by WOBO,,4,4.5,lombok
168,Air Terjun Senggigi,,3,3.3,lombok
346,Beautiful big tree,,3,5,bali
139,Bukit Telaga,,2,5,lombok
200,Pantai Lian,,2,2,lombok
308,Nusa Penida Manta Poin,,2,3,bali
378,Molenteng,,2,5,bali
397,Sidemen trekking and tour east bali,,2,5,bali
169,WISATA ALAM BATU PAYUNG,,1,5,lombok
215,East Lombok Ecotours,,1,5,lombok
223,SAKAYA LOMBOK MARINA,,1,4,lombok
507,jambon bawuran,,1,5,yogyakarta
96,Kampung Pondok,,0,0,padang
98,Air Manis,,0,0,padang
100,PASIA Nan Tigo Grounding Area,,0,0,padang
137,Karang Bayan,,0,0,lombok
155,Senaru,,0,0,lombok
166,Sembalun Lawang,,0,0,lombok
264,Sekupang,,0,0,batam
275,Batu Besar,,0,0,batam
277,Nongsa,,0,0,batam
279,Batu Ampar,,0,0,batam
396,Sidemen Trekking Adventures,,0,0,bali
437,Munduk,,0,0,bali
456,munduk guide,,0,0,bali
458,Jatiluwih,,0,0,bali
508,Danunegaran,,0,0,yogyakarta
509,Patehan,,0,0,yogyakarta
511,Cikal,,0,0,yogyakarta
512,Rejowinangun,,0,0,yogyakarta
513,Kotagede,,0,0,yogyakarta
524,Yogyakarta,,0,0,yogyakarta
525,Yogyakarta City,,0,0,yogyakarta
528,Bromonilan,,0,0,yogyakarta
529,Jongkang,,0,0,yogyakarta
549,Bedog,,0,0,yogyakarta
553,Pentingsari,,0,0,yogyakarta
554,Cangkringan,,0,0,yogyakarta
555,Sangurejo,,0,0,yogyakarta